-- MySQL dump 10.13  Distrib 8.0.36, for Win64 (x86_64)
--
-- Host: 127.0.0.1    Database: velib_db
-- ------------------------------------------------------
-- Server version	8.0.37

/*!40101 SET @OLD_CHARACTER_SET_CLIENT=@@CHARACTER_SET_CLIENT */;
/*!40101 SET @OLD_CHARACTER_SET_RESULTS=@@CHARACTER_SET_RESULTS */;
/*!40101 SET @OLD_COLLATION_CONNECTION=@@COLLATION_CONNECTION */;
/*!50503 SET NAMES utf8 */;
/*!40103 SET @OLD_TIME_ZONE=@@TIME_ZONE */;
/*!40103 SET TIME_ZONE='+00:00' */;
/*!40014 SET @OLD_UNIQUE_CHECKS=@@UNIQUE_CHECKS, UNIQUE_CHECKS=0 */;
/*!40014 SET @OLD_FOREIGN_KEY_CHECKS=@@FOREIGN_KEY_CHECKS, FOREIGN_KEY_CHECKS=0 */;
/*!40101 SET @OLD_SQL_MODE=@@SQL_MODE, SQL_MODE='NO_AUTO_VALUE_ON_ZERO' */;
/*!40111 SET @OLD_SQL_NOTES=@@SQL_NOTES, SQL_NOTES=0 */;

--
-- Table structure for table `itineraries`
--

DROP TABLE IF EXISTS `itineraries`;
/*!40101 SET @saved_cs_client     = @@character_set_client */;
/*!50503 SET character_set_client = utf8mb4 */;
CREATE TABLE `itineraries` (
  `id` int NOT NULL AUTO_INCREMENT,
  `itinerary` varchar(255) NOT NULL,
  `name` varchar(90) NOT NULL,
  `points` varchar(255) NOT NULL,
  `userId` int NOT NULL,
  PRIMARY KEY (`id`),
  UNIQUE KEY `itinerary_UNIQUE` (`itinerary`),
  KEY `user-itinerary_idx` (`userId`),
  CONSTRAINT `user-itinerary` FOREIGN KEY (`userId`) REFERENCES `users` (`id`) ON DELETE RESTRICT ON UPDATE RESTRICT
) ENGINE=InnoDB AUTO_INCREMENT=41 DEFAULT CHARSET=utf8mb4 COLLATE=utf8mb4_0900_ai_ci;
/*!40101 SET character_set_client = @saved_cs_client */;

--
-- Dumping data for table `itineraries`
--

LOCK TABLES `itineraries` WRITE;
/*!40000 ALTER TABLE `itineraries` DISABLE KEYS */;
INSERT INTO `itineraries` VALUES (13,'696d72d9-6cc7-4f37-8cc6-784fead9f2d6','azerty','[{\"lat\":48.865983,\"lng\":2.275725},{\"lat\":48.871417284355,\"lng\":2.3076787590981}]',12),(16,'9c0c95f0-8aab-4032-8267-2306b1559d44','azerty','[{\"lat\":48.876116,\"lng\":2.288124},{\"lat\":48.848563233059,\"lng\":2.3204218259346}]',14),(17,'69141f9f-14ca-4b00-99d0-713b11c34ca7','demo 1','[{\"lat\":48.868834023334,\"lng\":2.2986030816809},{\"lat\":48.876116,\"lng\":2.288124}]',14),(18,'7da62d38-fabf-45e8-8666-97386de8043d','demo2','[{\"lat\":48.853844054333514,\"lng\":2.289705348222022},{\"lat\":48.83310149953933,\"lng\":2.299380004405976}]',14),(19,'3ae9ad0b-ef6f-4c6a-a0c3-6b57bc49f7dc','demo3','[{\"lat\":48.88287775178599,\"lng\":2.287667370814871},{\"lat\":48.871417284355,\"lng\":2.3076787590981}]',14),(20,'04f1e5f0-6827-47b8-bc49-b8e639627b2e','demo4','[{\"lat\":48.86785342111862,\"lng\":2.349364310503006},{\"lat\":48.871031137596,\"lng\":2.379056852114}]',14),(21,'5c33b2b4-64e3-4b6e-b26c-a7d92187b2c7','demo5','[{\"lat\":48.89594736851349,\"lng\":2.381133802246315},{\"lat\":48.879161,\"lng\":2.343698}]',14),(22,'1ede4abf-4444-4177-9acf-3e2a9fa7fabb','demo6','[{\"lat\":48.840579923690115,\"lng\":2.2584119439125065},{\"lat\":48.851296433665276,\"lng\":2.325061820447445}]',14),(34,'98e34cba-6381-4859-9449-db2183ac8eb9','premier itinéraire','[{\"lat\":48.89792240854517,\"lng\":2.32851451022192},{\"lat\":48.87929591733507,\"lng\":2.3373600840568547}]',16),(35,'8158652b-bcb6-492b-bf97-ac1b3ecb06d0','itineraire 2','[{\"lat\":48.87393521240818,\"lng\":2.3064258322119713},{\"lat\":48.87929591733507,\"lng\":2.3373600840568547}]',16),(38,'327dd540-eda0-4692-9fdc-234e332cc902','itinéraire 1','[{\"lat\":48.876116,\"lng\":2.288124},{\"lat\":48.853844054333514,\"lng\":2.289705348222022}]',13),(40,'ea290419-6a92-4998-bc77-aaa27565de5a','demo itineraire','[{\"lat\":48.87929591733507,\"lng\":2.3373600840568547},{\"lat\":48.871031137596,\"lng\":2.379056852114}]',12);
/*!40000 ALTER TABLE `itineraries` ENABLE KEYS */;
UNLOCK TABLES;

--
-- Table structure for table `tokens`
--

DROP TABLE IF EXISTS `tokens`;
/*!40101 SET @saved_cs_client     = @@character_set_client */;
/*!50503 SET character_set_client = utf8mb4 */;
CREATE TABLE `tokens` (
  `id` int NOT NULL AUTO_INCREMENT,
  `token` text CHARACTER SET utf8mb4 COLLATE utf8mb4_general_ci NOT NULL,
  `user_id` int NOT NULL,
  `created_at` timestamp NULL DEFAULT CURRENT_TIMESTAMP,
  `expires_at` timestamp NULL DEFAULT NULL,
  PRIMARY KEY (`id`)
) ENGINE=InnoDB AUTO_INCREMENT=67 DEFAULT CHARSET=utf8mb4 COLLATE=utf8mb4_general_ci;
/*!40101 SET character_set_client = @saved_cs_client */;

--
-- Dumping data for table `tokens`
--

LOCK TABLES `tokens` WRITE;
/*!40000 ALTER TABLE `tokens` DISABLE KEYS */;
INSERT INTO `tokens` VALUES (8,'eyJhbGciOiJIUzI1NiIsInR5cCI6IkpXVCJ9.eyJ1c2VybmFtZSI6IkFnaGxmZGhnZ2ZidmN4Y2VjeGlzIiwiaWF0IjoxNzE5NDMyOTQ3LCJleHAiOjE3MTk0MzY1NDd9.qq35QDvmM-ryoFV576Gk58YFOG6FwIMPsZGuqZ1YjBE',4,'2024-06-26 20:15:47','2024-06-26 21:15:48'),(9,'eyJhbGciOiJIUzI1NiIsInR5cCI6IkpXVCJ9.eyJ1c2VybmFtZSI6IkFnaGxmZGhnZ2ZidmN4Y2VjeGlzIiwiaWF0IjoxNzE5NDQzMTUwLCJleHAiOjE3MTk0NDY3NTB9.axE2aZaqQfkuEDqV4G9ovyjHIi23lrRKeXn9C0cEPgg',4,'2024-06-26 23:05:50','2024-06-27 00:05:50'),(10,'eyJhbGciOiJIUzI1NiIsInR5cCI6IkpXVCJ9.eyJ1c2VybmFtZSI6IkFsZXhpcyIsImlhdCI6MTcxOTQ3OTU4NSwiZXhwIjoxNzE5NDgzMTg1fQ.XhtLV-wn4aKTEkinhUKqzCYmGpoWEBNDywzI62CQW2I',4,'2024-06-27 09:13:05','2024-06-27 10:13:06'),(11,'eyJhbGciOiJIUzI1NiIsInR5cCI6IkpXVCJ9.eyJ1c2VybmFtZSI6IkFsIiwiaWF0IjoxNzE5NDgzNzM2LCJleHAiOjE3MTk0ODczMzZ9.7ShB-I3AK8Gl5IKh9hMtZ_U6RkO3oCzG3Dn89f2Qj6U',11,'2024-06-27 10:22:16','2024-06-27 11:22:17'),(12,'eyJhbGciOiJIUzI1NiIsInR5cCI6IkpXVCJ9.eyJ1c2VybmFtZSI6IkFsIiwiaWF0IjoxNzE5NDgzODg1LCJleHAiOjE3MTk0ODc0ODV9.VVCM80WqPnu-7_FHCFiZUQL7n1GkWe_VAwtnN4rFtkA',11,'2024-06-27 10:24:45','2024-06-27 11:24:46'),(13,'eyJhbGciOiJIUzI1NiIsInR5cCI6IkpXVCJ9.eyJ1c2VybmFtZSI6IkFsIiwiaWF0IjoxNzE5NDg2NjQ3LCJleHAiOjE3MTk0OTAyNDd9.pFYcCK15OQ8M7atOndo_DNxMOnSMVM7vX6hLJu0meO8',11,'2024-06-27 11:10:47','2024-06-27 12:10:48'),(14,'eyJhbGciOiJIUzI1NiIsInR5cCI6IkpXVCJ9.eyJ1c2VybmFtZSI6IkFsIiwiaWF0IjoxNzE5NDg3ODYwLCJleHAiOjE3MTk0OTE0NjB9.LZpvEq3MrmFlpssiyd7FSYKc8sRG5ZZInw9SkiZU3f0',11,'2024-06-27 11:31:00','2024-06-27 12:31:01'),(15,'eyJhbGciOiJIUzI1NiIsInR5cCI6IkpXVCJ9.eyJ1c2VybmFtZSI6IkFsIiwiaWF0IjoxNzE5NDg5NzMzLCJleHAiOjE3MTk0OTMzMzN9.ZDz4JLRaLcWkkF-cEIwkTC8dkwrS2RnpmfHC9xgx0cg',11,'2024-06-27 12:02:13','2024-06-27 13:02:13'),(16,'eyJhbGciOiJIUzI1NiIsInR5cCI6IkpXVCJ9.eyJ1c2VybmFtZSI6ImRhdmlkIiwiaWF0IjoxNzE5NDkyMDc1LCJleHAiOjE3MTk0OTU2NzV9.tFIR9yVrcmsu5PQu2wkPoiyxFS1SdfKqfnm82JFuLuI',12,'2024-06-27 12:41:15','2024-06-27 13:41:16'),(17,'eyJhbGciOiJIUzI1NiIsInR5cCI6IkpXVCJ9.eyJ1c2VybmFtZSI6ImRhdmlkIiwiaWF0IjoxNzE5NDkyMzQ5LCJleHAiOjE3MTk0OTU5NDl9.W2CvrwpWjIxFdy1-B2oXesJGZ2Kz1-WOtkKDPSiiTaQ',12,'2024-06-27 12:45:49','2024-06-27 13:45:50'),(18,'eyJhbGciOiJIUzI1NiIsInR5cCI6IkpXVCJ9.eyJ1c2VybmFtZSI6ImRhdmlkIiwiaWF0IjoxNzE5NDk2MDcyLCJleHAiOjE3MTk0OTk2NzJ9.t8l76PYJsQEXZnLqR8v1DcuQPSthSFUT0RT-5YBEyKg',12,'2024-06-27 13:47:52','2024-06-27 14:47:52'),(19,'eyJhbGciOiJIUzI1NiIsInR5cCI6IkpXVCJ9.eyJ1c2VybmFtZSI6ImVsb20iLCJpYXQiOjE3MTk0OTYwODgsImV4cCI6MTcxOTQ5OTY4OH0.aQ4tTJpxHed8KLvMI6QzntFcSv7kGAYCHsgvCJyGMIg',13,'2024-06-27 13:48:08','2024-06-27 14:48:09'),(20,'eyJhbGciOiJIUzI1NiIsInR5cCI6IkpXVCJ9.eyJ1c2VybmFtZSI6ImVsb20iLCJpYXQiOjE3MTk0OTYyMDQsImV4cCI6MTcxOTQ5OTgwNH0.MAtZhyPZQCzSW-mgK9CHP85RBc1jwPvmndk5aeZLBOk',13,'2024-06-27 13:50:04','2024-06-27 14:50:04'),(21,'eyJhbGciOiJIUzI1NiIsInR5cCI6IkpXVCJ9.eyJ1c2VybmFtZSI6ImVsb20iLCJpYXQiOjE3MTk0OTYyOTEsImV4cCI6MTcxOTQ5OTg5MX0.Gh_-xuRksKRzIuNByzSFymTAz_3YzubqdW6E2JFPAWc',13,'2024-06-27 13:51:31','2024-06-27 14:51:32'),(22,'eyJhbGciOiJIUzI1NiIsInR5cCI6IkpXVCJ9.eyJ1c2VybmFtZSI6ImVsb20iLCJpYXQiOjE3MTk0OTYzNDIsImV4cCI6MTcxOTQ5OTk0Mn0.BkCe7knx_t2gK2a9xcKaVe85oLIvlPWbwzYEpLzv72w',13,'2024-06-27 13:52:22','2024-06-27 14:52:22'),(23,'eyJhbGciOiJIUzI1NiIsInR5cCI6IkpXVCJ9.eyJ1c2VybmFtZSI6ImVsb20iLCJpYXQiOjE3MTk0OTY5NjcsImV4cCI6MTcxOTUwMDU2N30.sH0Qvt2AesQjn6F2m_HsOSbkcBbXQJtpk8yhju0Z7Po',13,'2024-06-27 14:02:47','2024-06-27 15:02:48'),(24,'eyJhbGciOiJIUzI1NiIsInR5cCI6IkpXVCJ9.eyJ1c2VybmFtZSI6ImVsb20iLCJpYXQiOjE3MTk0OTcwMDYsImV4cCI6MTcxOTUwMDYwNn0.rw0EfQVkl1EYGPEy0ATbwudx-cwheR1a0SX6-5TKAdU',13,'2024-06-27 14:03:26','2024-06-27 15:03:27'),(25,'eyJhbGciOiJIUzI1NiIsInR5cCI6IkpXVCJ9.eyJ1c2VybmFtZSI6ImVsb20iLCJpYXQiOjE3MTk0OTkzMTYsImV4cCI6MTcxOTUwMjkxNn0.mre7m5YYswt9jrE6m8gDhO5-7601t8ZFe2oX_nhaqhU',13,'2024-06-27 14:41:56','2024-06-27 15:41:56'),(26,'eyJhbGciOiJIUzI1NiIsInR5cCI6IkpXVCJ9.eyJ1c2VybmFtZSI6ImVsb20iLCJpYXQiOjE3MTk0OTk1MDAsImV4cCI6MTcxOTUwMzEwMH0.nG8mgW_5jSO9BGskCaQ6cBWxgYGzhEOTO3ZTvjKmO6E',13,'2024-06-27 14:45:00','2024-06-27 15:45:01'),(27,'eyJhbGciOiJIUzI1NiIsInR5cCI6IkpXVCJ9.eyJ1c2VybmFtZSI6ImVsb20iLCJpYXQiOjE3MTk0OTk4NTksImV4cCI6MTcxOTUwMzQ1OX0.Uu3HG-Bjuq_hXr3aD-Qj72UYx4YCANRNDDmYlXYuFwY',13,'2024-06-27 14:50:59','2024-06-27 15:51:00'),(28,'eyJhbGciOiJIUzI1NiIsInR5cCI6IkpXVCJ9.eyJ1c2VybmFtZSI6ImVsb20iLCJpYXQiOjE3MTk1MDAwNzEsImV4cCI6MTcxOTUwMzY3MX0.TIGawWDQa-GhcfQD_xI5sEsqLBeXeX5pVaZugEl51gc',13,'2024-06-27 14:54:31','2024-06-27 15:54:32'),(29,'eyJhbGciOiJIUzI1NiIsInR5cCI6IkpXVCJ9.eyJ1c2VybmFtZSI6ImVsb20iLCJpYXQiOjE3MTk1MDAxMjAsImV4cCI6MTcxOTUwMzcyMH0.EFSNfPaC0jZluGShu6-oeu1t226wxBJNn4vgQW4K-kI',13,'2024-06-27 14:55:20','2024-06-27 15:55:20'),(30,'eyJhbGciOiJIUzI1NiIsInR5cCI6IkpXVCJ9.eyJ1c2VybmFtZSI6ImVsb20iLCJpYXQiOjE3MTk1MDAxNjksImV4cCI6MTcxOTUwMzc2OX0.LreJMMj9xIW5qePvc75Il3mCNH6QpljgONa7TtuyZ5g',13,'2024-06-27 14:56:09','2024-06-27 15:56:10'),(31,'eyJhbGciOiJIUzI1NiIsInR5cCI6IkpXVCJ9.eyJ1c2VybmFtZSI6ImVsb20iLCJpYXQiOjE3MTk1MDA5NTgsImV4cCI6MTcxOTUwNDU1OH0.811ayuF-5FJUt9w3do5300w37wZfvXMroj_nn0r494g',13,'2024-06-27 15:09:18','2024-06-27 16:09:19'),(32,'eyJhbGciOiJIUzI1NiIsInR5cCI6IkpXVCJ9.eyJ1c2VybmFtZSI6ImVsb20iLCJpYXQiOjE3MTk1MDEyMjcsImV4cCI6MTcxOTUwNDgyN30.2M6VFHo2I8h8epZN6gJoWeXt8B_pypgxuzZvv92wSi8',13,'2024-06-27 15:13:47','2024-06-27 16:13:48'),(33,'eyJhbGciOiJIUzI1NiIsInR5cCI6IkpXVCJ9.eyJ1c2VybmFtZSI6ImVsb20iLCJpYXQiOjE3MTk1MDEyMzcsImV4cCI6MTcxOTUwNDgzN30.aP1bh9H434WK5PXGefjRlzOAj6rVNtjYDHIUvtWb_7M',13,'2024-06-27 15:13:57','2024-06-27 16:13:57'),(34,'eyJhbGciOiJIUzI1NiIsInR5cCI6IkpXVCJ9.eyJ1c2VybmFtZSI6ImRhdmUiLCJpYXQiOjE3MTk1MDEyNTYsImV4cCI6MTcxOTUwNDg1Nn0.Wdz79FJpHzM1Ne1oRfPjBev20r9k9ahcdKKAPFJUqFM',14,'2024-06-27 15:14:16','2024-06-27 16:14:17'),(35,'eyJhbGciOiJIUzI1NiIsInR5cCI6IkpXVCJ9.eyJ1c2VybmFtZSI6ImRhdmUiLCJpYXQiOjE3MTk1MDEyNjMsImV4cCI6MTcxOTUwNDg2M30.rMmfc2xE46sLBEL1TkqcPHfXUDETCdYA3XIFMuxUosU',14,'2024-06-27 15:14:23','2024-06-27 16:14:23'),(36,'eyJhbGciOiJIUzI1NiIsInR5cCI6IkpXVCJ9.eyJ1c2VybmFtZSI6ImRhdmUiLCJpYXQiOjE3MTk1MDE4NTUsImV4cCI6MTcxOTUwNTQ1NX0.1tyWJhUcenb9ipZDp4T94xBaMSofAhHMq_eVzhFPnfw',14,'2024-06-27 15:24:15','2024-06-27 16:24:15'),(37,'eyJhbGciOiJIUzI1NiIsInR5cCI6IkpXVCJ9.eyJ1c2VybmFtZSI6ImVsb20iLCJpYXQiOjE3MTk1MDU1MTMsImV4cCI6MTcxOTUwOTExM30.gaQ2h8q8EnygzicXT5yvcRbko1PXhPbrxTq7GBX7QZ0',13,'2024-06-27 16:25:13','2024-06-27 17:25:14'),(38,'eyJhbGciOiJIUzI1NiIsInR5cCI6IkpXVCJ9.eyJ1c2VybmFtZSI6ImVsb20iLCJpYXQiOjE3MTk1MjA4NDAsImV4cCI6MTcxOTUyNDQ0MH0.JEVEWfm__3IIJuBEav_rNa3_gvnEZz06jmnscEXPimA',13,'2024-06-27 20:40:40','2024-06-27 21:40:41'),(39,'eyJhbGciOiJIUzI1NiIsInR5cCI6IkpXVCJ9.eyJ1c2VybmFtZSI6ImVsb20iLCJpYXQiOjE3MTk1MjQ0NTIsImV4cCI6MTcxOTUyODA1Mn0.te_Rxyh41UhxrGxzWqnHVeGf1aD91f6i6bTaHxe6IVY',13,'2024-06-27 21:40:52','2024-06-27 22:40:52'),(40,'eyJhbGciOiJIUzI1NiIsInR5cCI6IkpXVCJ9.eyJ1c2VybmFtZSI6ImVsb20iLCJpYXQiOjE3MTk1Mjg2NDUsImV4cCI6MTcxOTUzMjI0NX0.YxmxYQO8u9w82j_s02AMNQuuBcU_FrR_SUKkF58DODo',13,'2024-06-27 22:50:45','2024-06-27 23:50:46'),(41,'eyJhbGciOiJIUzI1NiIsInR5cCI6IkpXVCJ9.eyJ1c2VybmFtZSI6ImVsb20iLCJpYXQiOjE3MTk1Mjg3NjMsImV4cCI6MTcxOTUzMjM2M30.Rf56yMOOu0usZxgORprLZI2N_EP0OhUFsgh5KnK64KE',13,'2024-06-27 22:52:43','2024-06-27 23:52:44'),(42,'eyJhbGciOiJIUzI1NiIsInR5cCI6IkpXVCJ9.eyJ1c2VybmFtZSI6ImRhdmlkIiwiaWF0IjoxNzE5NTI4OTM2LCJleHAiOjE3MTk1MzI1MzZ9.JhG0_osJ2_S1wdIsIPdibH20Nop-yefzG1kCmqpD4qI',12,'2024-06-27 22:55:36','2024-06-27 23:55:37'),(43,'eyJhbGciOiJIUzI1NiIsInR5cCI6IkpXVCJ9.eyJ1c2VybmFtZSI6ImVsb20iLCJpYXQiOjE3MTk1MzI2MTMsImV4cCI6MTcxOTUzNjIxM30.2t2BLs4dis4z_jnDYAeFGMHDMRUMYQJjHo2hrse5IcM',13,'2024-06-27 23:56:53','2024-06-28 00:56:54'),(44,'eyJhbGciOiJIUzI1NiIsInR5cCI6IkpXVCJ9.eyJ1c2VybmFtZSI6ImVsb20iLCJpYXQiOjE3MTk1MzQ5MzYsImV4cCI6MTcxOTUzODUzNn0.dBn5qnWuzaau1hr03Jp8tYUtUj56U8X8isMWwJbmWsA',13,'2024-06-28 00:35:36','2024-06-28 01:35:37'),(45,'eyJhbGciOiJIUzI1NiIsInR5cCI6IkpXVCJ9.eyJ1c2VybmFtZSI6ImVsb20iLCJpYXQiOjE3MTk1NTU5NjIsImV4cCI6MTcxOTU1OTU2Mn0.zqXIuC_Hi1LzkgwjVxCQFj5mcidF31cXjFFkzir8qjU',13,'2024-06-28 06:26:02','2024-06-28 07:26:02'),(46,'eyJhbGciOiJIUzI1NiIsInR5cCI6IkpXVCJ9.eyJ1c2VybmFtZSI6ImVsb20iLCJpYXQiOjE3MTk1NTg1NTgsImV4cCI6MTcxOTU2MjE1OH0.0XLRvKWa1euaOA60KlSJOXzHeaj4FtPxUlHWqnJZGVA',13,'2024-06-28 07:09:18','2024-06-28 08:09:19'),(47,'eyJhbGciOiJIUzI1NiIsInR5cCI6IkpXVCJ9.eyJ1c2VybmFtZSI6ImRhdmlkIiwiaWF0IjoxNzE5NTU5NTYxLCJleHAiOjE3MTk1NjMxNjF9.x0-gykNCLRVn5T1oAXVeFvU_kS2atAdXVaoKHGvcLh4',12,'2024-06-28 07:26:01','2024-06-28 08:26:02'),(48,'eyJhbGciOiJIUzI1NiIsInR5cCI6IkpXVCJ9.eyJ1c2VybmFtZSI6ImRhdmlkIiwiaWF0IjoxNzE5NTYwODgwLCJleHAiOjE3MTk1NjQ0ODB9.I3zgsR83EZHD2W3afZRcaZyqkiokDDzaJ6y_XnqVME8',12,'2024-06-28 07:48:00','2024-06-28 08:48:00'),(49,'eyJhbGciOiJIUzI1NiIsInR5cCI6IkpXVCJ9.eyJ1c2VybmFtZSI6ImVsb20iLCJpYXQiOjE3MTk1NjM2OTksImV4cCI6MTcxOTU2NzI5OX0.wB4dX916G6ukDdPAK8YO2fra8Plbpju2mrhTstQPH9U',13,'2024-06-28 08:34:59','2024-06-28 09:34:59'),(50,'eyJhbGciOiJIUzI1NiIsInR5cCI6IkpXVCJ9.eyJ1c2VybmFtZSI6ImRhdmUiLCJpYXQiOjE3MTk1NjUxMDUsImV4cCI6MTcxOTU2ODcwNX0.jjgM4hoNt8V79A1qPFvFzWiGhxjT4jX4wpCjXreO0tg',14,'2024-06-28 08:58:25','2024-06-28 09:58:25'),(51,'eyJhbGciOiJIUzI1NiIsInR5cCI6IkpXVCJ9.eyJ1c2VybmFtZSI6ImRhdmUiLCJpYXQiOjE3MTk1NjU2ODUsImV4cCI6MTcxOTU2OTI4NX0.WPBGoC7I3yygL5-nsOo-OdWy4ZZFSDTGXXRMqWQdJkE',14,'2024-06-28 09:08:05','2024-06-28 10:08:06'),(55,'eyJhbGciOiJIUzI1NiIsInR5cCI6IkpXVCJ9.eyJ1c2VybmFtZSI6ImFsaW5lIiwiaWF0IjoxNzE5NTgzOTE3LCJleHAiOjE3MTk1ODc1MTd9.x99fj1FEscbYfkuFrYhIsxxzaTekLLYYbWWEhNn-3gw',15,'2024-06-28 14:11:57','2024-06-28 15:11:57'),(56,'eyJhbGciOiJIUzI1NiIsInR5cCI6IkpXVCJ9.eyJ1c2VybmFtZSI6ImVsb20iLCJpYXQiOjE3MTk1ODUzNTYsImV4cCI6MTcxOTU4ODk1Nn0.JrhzGYdjzrrnpTJdyyQlEKO0Vkrg8CDC4U8mjuYw-rE',13,'2024-06-28 14:35:56','2024-06-28 15:35:57'),(57,'eyJhbGciOiJIUzI1NiIsInR5cCI6IkpXVCJ9.eyJ1c2VybmFtZSI6ImVsb20iLCJpYXQiOjE3MTk1ODUzNTgsImV4cCI6MTcxOTU4ODk1OH0.DPxiRd123OJEtA20YBp5P7Q31dlPy4IQ-ERh4tVQEss',13,'2024-06-28 14:35:58','2024-06-28 15:35:59'),(58,'eyJhbGciOiJIUzI1NiIsInR5cCI6IkpXVCJ9.eyJ1c2VybmFtZSI6ImVsb20iLCJpYXQiOjE3MTk1ODkxMzksImV4cCI6MTcxOTU5MjczOX0.p_vZaNpdefgCoBWQyAzmG33alerOYiQJs_6xrKVNaAQ',13,'2024-06-28 15:38:59','2024-06-28 16:38:59'),(61,'eyJhbGciOiJIUzI1NiIsInR5cCI6IkpXVCJ9.eyJ1c2VybmFtZSI6ImJhYmEiLCJpYXQiOjE3MTk1OTIzMzgsImV4cCI6MTcxOTU5NTkzOH0.36CqzsKIHnNw7i51oh_qTqnzIKm06ccM4Lv6jib_GXY',16,'2024-06-28 16:32:18','2024-06-28 17:32:18'),(63,'eyJhbGciOiJIUzI1NiIsInR5cCI6IkpXVCJ9.eyJ1c2VybmFtZSI6ImVsb20iLCJpYXQiOjE3MTk1OTU1MzgsImV4cCI6MTcxOTU5OTEzOH0.xtsCsU-G_AHXCgu09rvsof5L7UWddT4nxkTmX8MI5F8',13,'2024-06-28 17:25:38','2024-06-28 18:25:38'),(65,'eyJhbGciOiJIUzI1NiIsInR5cCI6IkpXVCJ9.eyJ1c2VybmFtZSI6ImVsb20iLCJpYXQiOjE3MTk3NDc5NzQsImV4cCI6MTcxOTc1MTU3NH0.qvEUHweiQd8bOROqXNZyzCIPX3BvlFx2RDOThb9-Pts',13,'2024-06-30 11:46:14','2024-06-30 12:46:14'),(66,'eyJhbGciOiJIUzI1NiIsInR5cCI6IkpXVCJ9.eyJ1c2VybmFtZSI6ImRhdmlkIiwiaWF0IjoxNzE5NzU2ODg0LCJleHAiOjE3MTk3NjA0ODR9.2H-ILMYdoExsczNcAQgad7h2axnjjXUrKUBF2eSkH4c',12,'2024-06-30 14:14:44','2024-06-30 15:14:45');
/*!40000 ALTER TABLE `tokens` ENABLE KEYS */;
UNLOCK TABLES;

--
-- Table structure for table `users`
--

DROP TABLE IF EXISTS `users`;
/*!40101 SET @saved_cs_client     = @@character_set_client */;
/*!50503 SET character_set_client = utf8mb4 */;
CREATE TABLE `users` (
  `id` int NOT NULL AUTO_INCREMENT,
  `username` varchar(64) CHARACTER SET utf8mb4 COLLATE utf8mb4_general_ci NOT NULL,
  `password` binary(60) NOT NULL,
  PRIMARY KEY (`id`),
  UNIQUE KEY `username` (`username`)
) ENGINE=InnoDB AUTO_INCREMENT=17 DEFAULT CHARSET=utf8mb4 COLLATE=utf8mb4_general_ci;
/*!40101 SET character_set_client = @saved_cs_client */;

--
-- Dumping data for table `users`
--

LOCK TABLES `users` WRITE;
/*!40000 ALTER TABLE `users` DISABLE KEYS */;
INSERT INTO `users` VALUES (1,'Aghlgfcecxis',_binary '$2a$10$Fzy0msSUfr8w294UhtlzY.OTudHTE6eLm5WaK99vapV5eTvQ6vObC'),(2,'Aghlfdhggfcecxis',_binary '$2a$10$f1/SsX4l9R.bZyFIwTlxguhBmEIyp7hYevykdNRvg4uqqLUe1MJ2a'),(4,'Alex',_binary '$2a$10$njFM0Ytg/LuCBn3QQj8H8eMUsjdxfRLESffs4ZJ96f4jmticu5v2.'),(7,'Alexis',_binary '$2a$10$HzoVnC5MQ4fU3SATnus2tOjXjeewvzbJdKxSsDrYJv9j6OrKKRncG'),(9,'Alexiss',_binary '$2a$10$mDMa11uLzVMLLin5g2YiueXk2ZYtGmS.rtpkA36lhE2/AONthYRy2'),(11,'Al',_binary '$2a$10$PgYAyWBOSrVNUpCEHJzFEOZkYIgiM.cBEHArgGcS9ZmKJuKkV/PYG'),(12,'david',_binary '$2a$10$zcw0dCWXZ4NwV9Atz/4pfeVa86SoIchrXt9NCWwCfavIG6Zzivds6'),(13,'elom',_binary '$2a$10$pmhjWEtniPRoerANo5rkNujQ3zQBl8L/cVVD5Cg.o4UGU//atVvUa'),(14,'dave',_binary '$2a$10$dE2bDPI.QUTJgdn6lh8ONOd20oxp64VZkD3ycpp87mvT86TFvHsVm'),(15,'aline',_binary '$2a$10$vraC5KmUJJ57L2Y58IC2fOwaCWMAppf3DFENXkX3GO9iF7RuUU0Za'),(16,'baba',_binary '$2a$10$1H6YSdn7EM8O3ItHxYC2/eTXiANumhm7MuiHBVSsqbpvs7DZW2Xie');
/*!40000 ALTER TABLE `users` ENABLE KEYS */;
UNLOCK TABLES;
/*!40103 SET TIME_ZONE=@OLD_TIME_ZONE */;

/*!40101 SET SQL_MODE=@OLD_SQL_MODE */;
/*!40014 SET FOREIGN_KEY_CHECKS=@OLD_FOREIGN_KEY_CHECKS */;
/*!40014 SET UNIQUE_CHECKS=@OLD_UNIQUE_CHECKS */;
/*!40101 SET CHARACTER_SET_CLIENT=@OLD_CHARACTER_SET_CLIENT */;
/*!40101 SET CHARACTER_SET_RESULTS=@OLD_CHARACTER_SET_RESULTS */;
/*!40101 SET COLLATION_CONNECTION=@OLD_COLLATION_CONNECTION */;
/*!40111 SET SQL_NOTES=@OLD_SQL_NOTES */;

-- Dump completed on 2024-06-30 16:44:38
